{"type": "metrics", "dataset": "train", "precision": 0.6647666547915925, "balanced_accuracy": 0.668467219111784, "recall": 0.3949206349206349, "f1_score": 0.49548592671269254}
{"type": "metrics", "dataset": "test", "precision": 0.6346469622331691, "balanced_accuracy": 0.6713230366753904, "recall": 0.4055613850996852, "f1_score": 0.49487836107554417}
{"type": "cm_matrix", "dataset": "train", "true_0": {"predicted_0": 15287, "predicted_1": 941}, "true_1": {"predicted_0": 2859, "predicted_1": 1866}}
{"type": "cm_matrix", "dataset": "test", "true_0": {"predicted_0": 6628, "predicted_1": 445}, "true_1": {"predicted_0": 1133, "predicted_1": 773}}
